Physics,Sterke toets,ja het is moeilijk he
Physics,Sterke toets,ja het is moeilijk he
Physics,Sterke toets,ja het is moeilijk he
Physics,Sterke toets,ja het is moeilijk he
Physics,Sterke toets,ja het is moeilijk he
Physics,Sterke toets,ja het is moeilijk he
Physics,Sterke toets,ja het is moeilijk he
Mathematics,toets,integralen
Mathematics,toets,afgeleiden
Physics,Sterke toets,ja het is moeilijk he
Physics,Sterke toets,ja het is moeilijk he
Physics,Sterke toets,ja het is moeilijk he
Physics,Sterke toets,ja het is moeilijk he
Physics,Sterke toets,ja het is moeilijk he
Physics,Sterke toets,ja het is moeilijk he
Physics,Sterke toets,ja het is moeilijk he
Physics,Sterke toets,ja het is moeilijk he
Physics,Sterke toets,ja het is moeilijk he
Physics,Sterke toets,ja het is moeilijk he
Physics,Sterke toets,ja het is moeilijk he
Physics,Sterke toets,ja het is moeilijk he
Physics,Sterke toets,ja het is moeilijk he
Physics,Sterke toets,ja het is moeilijk he
Physics,Sterke toets,ja het is moeilijk he
Physics,Sterke toets,ja het is moeilijk he
Physics,Sterke toets,ja het is moeilijk he
Mathematics,baize ta mer,jte bez
Physics,Sterke toets,ja het is moeilijk he
Physics,Sterke toets,ja het is moeilijk he
Physics,Sterke toets,ja het is moeilijk he
Physics,Sterke toets,ja het is moeilijk he
Physics,Sterke toets,ja het is moeilijk he
Physics,Sterke toets,ja het is moeilijk he
Physics,Sterke toets,ja het is moeilijk he
Physics,Sterke toets,ja het is moeilijk he
Physics,Sterke toets,ja het is moeilijk he
Physics,Sterke toets,ja het is moeilijk he
Physics,Sterke toets,ja het is moeilijk he
Physics,Sterke toets,ja het is moeilijk he
